{
    "": {
        "mean": [
            1.72245631e01,
            4.10352811e-01,
            9.57339325e01,
            4.85821285e02,
            5.97278898e02,
            1.46612718e03,
            1.25948690e03,
            9.89215430e00,
            1.44201815e01,
            3.59590653e02,
            2.27384447e03,
            8.67514621e03,
            1.15343657e00,
            4.41669423e01,
            3.38650301e02,
            2.34971089e03,
            8.08726502e03,
            9.05152236e00,
            2.51273110e-02,
            3.60457294e02,
            2.27378874e03,
            9.83927591e01,
            2.59455399e01,
            1.55675691e01
        ],
        "stddev": [
            1.65287845e01,
            3.67992288e-01,
            1.23467959e01,
            3.04228203e01,
            4.24595469e01,
            1.18054339e02,
            1.36086086e02,
            4.26553251e00,
            6.44366063e00,
            1.74102867e02,
            1.42310999e02,
            3.74093117e02,
            1.42073445e-01,
            3.41967503e00,
            1.64160057e02,
            1.11057510e02,
            7.99949844e01,
            7.50328573e-01,
            4.99837893e-03,
            3.09876001e01,
            1.42395993e02,
            4.65165534e00,
            1.16951710e01,
            7.01722544e00
        ]
    },
    "1": {
        "mean": [
            -8.870146866366146e-06,
            2.3508312733265476e-06,
            100.0,
            518.67,
            642.6809335466046,
            1590.5231186079202,
            1408.9337816877514,
            14.62,
            21.60980320876351,
            553.367711211284,
            2388.0966516407348,
            9065.242940720276,
            1.3,
            47.54116814502448,
            521.4134700208425,
            2388.0961523920314,
            8143.752722117202,
            8.442145581891328,
            0.03,
            393.2106538703892,
            2388.0,
            100.0,
            38.81627066065629,
            23.289705360864716
        ],
        "stddev": [
            0.002187313449015146,
            0.000293062124566145,
            1.0,
            1.0,
            0.5000532700605593,
            6.131149519690708,
            9.000604780543714,
            1.0,
            0.0013889849127084167,
            0.8850922576633918,
            0.07098547889055706,
            22.082879525067685,
            1.0,
            0.2670873986396923,
            0.7375533922096189,
            0.07191891569757358,
            19.076175975950633,
            0.0375050379519659,
            1.0,
            1.5487630246142876,
            1.0,
            1.0,
            0.1807464278736582,
            0.10825087474491285
        ]
    },
    "2": {
        "mean": [
            23.998407440614592,
            0.5720563533547871,
            94.04602020126862,
            472.9102070351011,
            579.6723994121915,
            1419.9710132256926,
            1205.4420244052158,
            8.031986086050708,
            11.600745921613125,
            282.60678677058723,
            2228.8791876709015,
            8525.200837069142,
            1.0949615878271546,
            42.98517234323555,
            266.069034394241,
            2334.557252553061,
            8066.597682434569,
            9.329653544522778,
            0.02332595472386019,
            348.30951096560574,
            2228.806358005171,
            97.75683811082796,
            20.78929593184397,
            12.473422755259584
        ],
        "stddev": [
            14.74737608501293,
            0.3100159836175515,
            14.237734626001505,
            26.3897073107592,
            37.28939902046224,
            105.94634061395524,
            119.1234275853248,
            3.6138388185509682,
            5.431801597465462,
            146.00530614005967,
            145.20981606835014,
            335.81201267616353,
            0.12746884775626657,
            3.232372058786376,
            137.6595069498957,
            128.06827104323688,
            84.8379496929856,
            0.7493354922324867,
            0.0047114737959653395,
            27.754515422961354,
            145.327980142581,
            5.364066520346094,
            9.869331200699555,
            5.921615208351723
        ]
    },
    "3": {
        "mean": [
            -2.3741909385113272e-05,
            5.068770226537217e-06,
            100.0,
            518.67,
            642.4578580097087,
            1588.0791751618124,
            1404.4712123786408,
            14.62,
            21.595841019417474,
            555.1438078478965,
            2388.0715546116503,
            9064.110809061489,
            1.301231796116505,
            47.415706715210355,
            523.0508725728156,
            2388.0716432038835,
            8144.202916262136,
            8.396175784789644,
            0.030000000000000002,
            392.5665453074434,
            2388.0,
            100.0,
            38.98855177993528,
            23.39302403721683
        ],
        "stddev": [
            0.0021935445845264355,
            0.00029404288705904455,
            1.0,
            1.0,
            0.5230311380082615,
            6.810418054769547,
            9.77317832738769,
            1.0,
            0.018116000048508295,
            3.4373428742750245,
            0.15828492835195598,
            19.980294309108753,
            0.0034848490401647365,
            0.3000741614232514,
            3.2553139774430346,
            0.15812066988878382,
            16.50411768269238,
            0.060511613678482665,
            1.0,
            1.761458507096281,
            1.0,
            1.0,
            0.24886469460328106,
            0.14923378801551854
        ]
    },
    "4": {
        "mean": [
            23.99982334242192,
            0.5713468905614786,
            94.03157602573103,
            472.88243546833417,
            579.4200555111104,
            1417.896600271025,
            1201.9153592711718,
            8.031625822462408,
            11.589457133994024,
            283.32863312054076,
            2228.6860337311628,
            8524.673301278388,
            1.0964450031837254,
            42.87452921680354,
            266.7356650720828,
            2334.4275896749336,
            8067.811812111218,
            9.285603595160739,
            0.02325246126467371,
            347.760028735163,
            2228.613283482179,
            97.75139626769418,
            20.864333458505445,
            12.51899549380398
        ],
        "stddev": [
            14.780721652272497,
            0.31070344405362715,
            14.251953918801092,
            26.436831642865958,
            37.34264670176504,
            106.16759773767036,
            119.32759068781512,
            3.6228721173763545,
            5.444016543155815,
            146.88020952321966,
            145.34824288738045,
            336.92754654344446,
            0.1276805285925828,
            3.243491534988995,
            138.479109163069,
            128.19785924922238,
            85.67054344902101,
            0.750373686479457,
            0.004684705613381091,
            27.808283453502085,
            145.47249119146989,
            5.369423638908319,
            9.936396142937754,
            5.9626972509482385
        ]
    }
}